step,distance,rnd
0,0,
1,1.31344834380751,0.313448343807514
2,2.71116050084083,0.711160500840835
3,2.68313755760687,-0.31686244239313
4,3.11033600748764,-0.889663992512359
5,5.00407064486556,0.004070644865555
6,5.91360629786562,-0.086393702134382
7,6.65823408492891,-0.341765915071095
8,8.37741957512448,0.377419575124486
9,9.64785020821814,0.647850208218144
10,10,
