step,distance
0,0
1,1.31344834380751
2,2.71116050084083
3,2.68313755760687
4,3.11033600748764
5,5.00407064486556
6,5.91360629786562
7,6.65823408492891
8,8.37741957512448
9,9.64785020821814
10,10
