MONTH,DATA1,DATA2,DATA3,DATA4,DATA5,DATA6
JAN,1,8,3,4,41,0.928027161587414
FEB,2,2,5,6,48,-0.885858833939044
MAR,3,6,8,5,75,-0.263562034364738
APR,4,7,10,5,59,0.469450361410471
MAY,5,10,0,8,30,-0.499846337779379
JUN,6,5,7,1,35,-0.149321789384096
JUL,7,10,6,2,33,-0.916956176671565
AUG,8,5,3,6,4,-0.092803640433559
SEP,9,4,3,0,48,0.619317990139493
OCT,10,7,9,0,80,-0.906216616217455
NOV,11,8,6,0,41,0.486719652590634
DEC,12,5,10,9,92,-0.528598446894178
